2025-10-22,Day1/two_sum.py
2025-10-22,Day1/two_sum_solution.py
2025-10-20,Day25/valid_parentheses.py
2025-10-23,Day28/daily_temperatures.py
2025-10-23,Day28/daily_temperatures.py
2025-10-23,Day1/two_sum_solution.py
2025-10-23,Day28/daily_temperatures.py
2025-10-24,Day25/valid_parentheses.py
2025-10-27,Day29/maximum_depth_binary_tree.py
2025-10-28,Day30/same_tree_invert_tree.py
2025-10-29,Day31/level_order_traversal.py
2025-10-29,Day31/level_order_traversal.py
2025-10-29,Day31/level_order_traversal.py
2025-11-09,Day29/maximum_depth_binary_tree.py
2025-11-12,Day30/same_tree_invert_tree.py
2025-11-12,Day30/same_tree_invert_tree.py
2025-11-13,Day31/level_order_traversal.py
2025-11-14,Day32/diameter_of_binary_tree.py
2025-11-17,Day33/climb_stairs.py
2025-11-17,Day33/climb_stairs.py
